{
  "note": "validation comparison only; no test-set selection",
  "direct_profit": {
    "policy": {
      "type": "threshold",
      "threshold": 2256.517432905267,
      "selection_rule": "max validation total_realized_profit; tie-break profit_per_dollar_funded"
    },
    "approval_count": 18787,
    "selection_rate": 0.10000319379977005,
    "total_realized_profit": -24096694.95748952,
    "mean_realized_profit": -1282.6260157284037,
    "median_realized_profit": 2725.2161602490014,
    "total_funded_amount": 573472100.0,
    "profit_per_dollar_funded": -0.0420189490604504,
    "average_predicted_profit": 3287.9999797546316,
    "predicted_actual_correlation": 0.024927900323509715,
    "realized_default_rate": 0.24841645818917338
  },
  "default_risk": {
    "available": true,
    "bundle": "C:\\Users\\micro\\Documents\\Projects\\APICreditTrial3\\artifacts\\accepted_model.joblib",
    "metrics": {
      "expected_profit": 83875082.24778564,
      "expected_return": 0.06756363203910257,
      "approval_count": 89214,
      "selection_rate": 0.4748860878082017,
      "mean_expected_profit": 940.1560545181882,
      "mean_expected_return": 0.05959565639198352,
      "lgd": 1.0,
      "required_return": 0.0,
      "actual_default_rate": 0.16931199139148564,
      "total_realized_profit": -26783526.602955792,
      "mean_realized_profit": -300.21663195188864
    }
  }
}